Workbook
Name Data: Derived_Metrics!$A$1:$J$301
Name Slicer_DEPARTMENT: #N/A
Name Slicer_DEPARTMENT1: #N/A
Name Slicer_Month: #N/A
Name Slicer_Month1: #N/A

Sheet Employee_Master
A1: Emp_ID | B1: Emp_Name | C1: Department | D1: Location | E1: Join_Date | F1: Monthly_Salary | G1: Employment_Status | H1: Manager
A2: E001 | B2: Amit Sharma | C2: HR | D2: Pune | E2: 44614 | F2: 55448 | G2: Active | H2: Rohit
A3: E002 | B3: Neha Verma | C3: Sales | D3: Delhi | E3: 44400 | F3: 66433 | G3: Inactive | H3: Vikram
A4: E003 | B4: Rahul Mehta | C4: HR | D4: Chennai | E4: 45313 | F4: 49957 | G4: active | H4: Anita
A5: E004 | B5: Pooja Iyer | C5: IT | D5: Mumbai | E5: 45275 | F5: 38396 | G5: Active | H5: Suresh
A6: E005 | B6: Suresh Kumar | C6: Sales | D6: Pune | E6: 43837 | F6: 42012 | G6: Active | H6: Vikram
A7: E006 | B7: Anjali Gupta | C7: Finance | D7: Delhi | E7: 45192 | F7: 37736 | G7: ACTIVE | H7: Meena
A8: E007 | B8: Rohan Patel | C8: HR | D8: Chennai | E8: 45276 | F8: 84043 | G8: ACTIVE | H8: Anita
A9: E008 | B9: Sneha Joshi | C9: IT | D9: Mumbai | E9: 44696 | F9: 80699 | G9: Active | H9: Suresh
A10: E009 | B10: Vikram Singh | C10: HR | D10: Chennai | E10: 44268 | F10: 46257 | G10: active | H10: Rohit
A11: E010 | B11: Kavita Nair | C11: Sales | D11: Mumbai | E11: 44849 | F11: 45880 | G11: active | H11: Neha
A12: E011 | B12: Arjun Malhotra | C12: IT | D12: Bangalore | E12: 45485 | F12: 42493 | G12: ACTIVE | H12: Suresh
A13: E012 | B13: Priya Chatterjee | C13: IT | D13: Delhi | E13: 45400 | F13: 36447 | G13: Inactive | H13: Suresh
... A51: E050 | B51: Bhavya Arvind | C51: HR | D51: Chennai | E51: 43954 | F51: 36280 | G51: Inactive | H51: Anita

Sheet Attendance_Log
A1: Emp_ID | B1: Month | C1: Working_Days | D1: Days_Present | E1: Leaves_Taken | F1: Attendance | G1: absentism
A2: E001 | B2: Jan-24 | C2: 22 | D2: 18 | E2: 4 | F2: 0.81818182 | G2: 0.18181818
A3: E001 | B3: Feb-24 | C3: 22 | D3: 16 | E3: 6 | F3: 0.72727273 | G3: 0.27272727
A4: E001 | B4: Mar-24 | C4: 22 | D4: 17 | E4: 5 | F4: 0.77272727 | G4: 0.22727273
A5: E001 | B5: Apr-24 | C5: 22 | D5: 16 | E5: 6 | F5: 0.72727273 | G5: 0.27272727
A6: E001 | B6: May-24 | C6: 22 | D6: 16 | E6: 6 | F6: 0.72727273 | G6: 0.27272727
A7: E001 | B7: Jun-24 | C7: 22 | D7: 21 | E7: 1 | F7: 0.95454545 | G7: 0.045454545
A8: E002 | B8: Jan-24 | C8: 22 | D8: 18 | E8: 4 | F8: 0.81818182 | G8: 0.18181818
A9: E002 | B9: Feb-24 | C9: 22 | D9: 19 | E9: 3 | F9: 0.86363636 | G9: 0.13636364
A10: E002 | B10: Mar-24 | C10: 22 | D10: 17 | E10: 5 | F10: 0.77272727 | G10: 0.22727273
A11: E002 | B11: Apr-24 | C11: 22 | D11: 19 | E11: 3 | F11: 0.86363636 | G11: 0.13636364
A12: E002 | B12: May-24 | C12: 22 | D12: 16 | E12: 6 | F12: 0.72727273 | G12: 0.27272727
A13: E002 | B13: Jun-24 | C13: 22 | D13: 18 | E13: 4 | F13: 0.81818182 | G13: 0.18181818
... A301: E050 | B301: Jun-24 | C301: 22 | D301: 22 | E301: 0 | F301: 1 | G301: 0

Sheet Productivity_Log
A1: Emp_ID | B1: Month | C1: Tasks_Assigned | D1: Tasks_Completed | E1: Rework_Count | F1: Productivity | G1: rework
A2: E001 | B2: Jan-24 | C2: 39 | D2: 34 | E2: 3 | F2: 0.87179487 | G2: 0.088235294
A3: E001 | B3: Feb-24 | C3: 73 | D3: 73 | E3: 0 | F3: 1 | G3: 0
A4: E001 | B4: Mar-24 | C4: 62 | D4: 61 | E4: 3 | F4: 0.98387097 | G4: 0.049180328
A5: E001 | B5: Apr-24 | C5: 62 | D5: 61 | E5: 0 | F5: 0.98387097 | G5: 0
A6: E001 | B6: May-24 | C6: 59 | D6: 56 | E6: 4 | F6: 0.94915254 | G6: 0.071428571
A7: E001 | B7: Jun-24 | C7: 40 | D7: 36 | E7: 5 | F7: 0.9 | G7: 0.13888889
A8: E002 | B8: Jan-24 | C8: 52 | D8: 52 | E8: 3 | F8: 1 | G8: 0.057692308
A9: E002 | B9: Feb-24 | C9: 59 | D9: 58 | E9: 5 | F9: 0.98305085 | G9: 0.086206897
A10: E002 | B10: Mar-24 | C10: 55 | D10: 52 | E10: 3 | F10: 0.94545455 | G10: 0.057692308
A11: E002 | B11: Apr-24 | C11: 77 | D11: 71 | E11: 5 | F11: 0.92207792 | G11: 0.070422535
A12: E002 | B12: May-24 | C12: 81 | D12: 75 | E12: 1 | F12: 0.92592593 | G12: 0.013333333
A13: E002 | B13: Jun-24 | C13: 84 | D13: 84 | E13: 0 | F13: 1 | G13: 0
... A301: E050 | B301: Jun-24 | C301: 63 | D301: 58 | E301: 4 | F301: 0.92063492 | G301: 0.068965517

Sheet CL BY DEPT
A3: Row Labels | B3: Sum of Cost_Leakage
A4: Finance | B4: 194663.7
A5: HR | B5: 303170.88
A6: IT | B6: 184986.68
A7: Sales | B7: 206635.4
A8: Grand Total | B8: 889456.66

Sheet CL BY MONTH
A3: Row Labels | B3: Sum of Cost_Leakage
A4: Apr-24 | B4: 210336.91
A5: Feb-24 | B5: 124211.6
A6: Jan-24 | B6: 175243.82
A7: Jun-24 | B7: 218332.83
A8: Mar-24 | B8: 43062.097
A9: May-24 | B9: 118269.39
A10: Grand Total | B10: 889456.66

Sheet HIGH RISK BY DEPT
A1: Risk_Flag | B1: HIGH
A3: Row Labels | B3: Count of Emp_ID
A4: Finance | B4: 40
A5: HR | B5: 62
A6: IT | B6: 46
A7: Sales | B7: 36
A8: Grand Total | B8: 184

Sheet slicers
O2: Month | P2: Absentism | Q2: Productivity
O3: Apr-24 | P3: 0.14363636 | Q3: 0.94533859
O4: Feb-24 | P4: 0.13545455 | Q4: 0.94492562
O5: Jan-24 | P5: 0.14090909 | Q5: 0.94029655
O6: Jun-24 | P6: 0.15454545 | Q6: 0.93197278
O7: Mar-24 | P7: 0.14090909 | Q7: 0.95230659
O8: May-24 | P8: 0.14181818 | Q8: 0.94892641
P10: Absentism | Q10: Productivity
P11: 0.14363636 | Q11: 0.94533859
P12: 0.13545455 | Q12: 0.94492562
P13: 0.14090909 | Q13: 0.94029655
P14: 0.15454545 | Q14: 0.93197278
P15: 0.14090909 | Q15: 0.95230659
F16: Month | G16: Absentism | H16: Productivity | P16: 0.14181818 | Q16: 0.94892641
F17: Apr-24 | G17: 0.14363636 | H17: 0.94533859
F18: Feb-24 | G18: 0.13545455 | H18: 0.94492562
F19: Jan-24 | G19: 0.14090909 | H19: 0.94029655
F20: Jun-24 | G20: 0.15454545 | H20: 0.93197278
F21: Mar-24 | G21: 0.14090909 | H21: 0.95230659
F22: May-24 | G22: 0.14181818 | H22: 0.94892641
G24: Absentism | H24: Productivity
G25: 0.14363636 | H25: 0.94533859
G26: 0.13545455 | H26: 0.94492562
G27: 0.14090909 | H27: 0.94029655
G28: 0.15454545 | H28: 0.93197278
G29: 0.14090909
G30: 0.14181818

Sheet cl by risk flag
A3: Row Labels | B3: Sum of Cost_Leakage
A4: HIGH | B4: 601163.35
A5: MEDIUM | B5: 288293.31
A6: Grand Total | B6: 889456.66

Sheet Derived_Metrics
A1: Emp_ID | B1: Month | C1: Attendance | D1: Productivity | E1: Rework | F1: Absentism | G1: monthly salary | H1: Cost_Leakage | I1: Risk_Flag | J1: DEPARTMENT
A2: E001 | B2: Feb-24 | C2: 0.72727273 | D2: 1 | E2: 0 | F2: 0.27272727 | G2: =_xlfn.XLOOKUP(A2,Employee_Master!A:A,Employee_Master!F:F) -> 55448 | H2: 0 | I2: HIGH | J2: =_xlfn.XLOOKUP(A2,Employee_Master!A:A,Employee_Master!C:C) -> HR | S2: Month | T2: Absentism | U2: Productivity
A3: E002 | B3: Jan-24 | C3: 0.81818182 | D3: 1 | E3: 0.057692308 | F3: 0.18181818 | G3: =_xlfn.XLOOKUP(A3,Employee_Master!A:A,Employee_Master!F:F) -> 66433 | H3: 0 | I3: HIGH | J3: =_xlfn.XLOOKUP(A3,Employee_Master!A:A,Employee_Master!C:C) -> Sales | S3: Apr-24 | T3: 0.14363636 | U3: 0.94533859
A4: E002 | B4: Jun-24 | C4: 0.81818182 | D4: 1 | E4: 0 | F4: 0.18181818 | G4: =_xlfn.XLOOKUP(A4,Employee_Master!A:A,Employee_Master!F:F) -> 66433 | H4: 0 | I4: HIGH | J4: =_xlfn.XLOOKUP(A4,Employee_Master!A:A,Employee_Master!C:C) -> Sales | S4: Feb-24 | T4: 0.13545455 | U4: 0.94492562
A5: E005 | B5: Jan-24 | C5: 0.81818182 | D5: 1 | E5: 0 | F5: 0.18181818 | G5: =_xlfn.XLOOKUP(A5,Employee_Master!A:A,Employee_Master!F:F) -> 42012 | H5: 0 | I5: HIGH | J5: =_xlfn.XLOOKUP(A5,Employee_Master!A:A,Employee_Master!C:C) -> Sales | S5: Jan-24 | T5: 0.14090909 | U5: 0.94029655
A6: E006 | B6: Apr-24 | C6: 0.72727273 | D6: 1 | E6: 0 | F6: 0.27272727 | G6: =_xlfn.XLOOKUP(A6,Employee_Master!A:A,Employee_Master!F:F) -> 37736 | H6: 0 | I6: HIGH | J6: =_xlfn.XLOOKUP(A6,Employee_Master!A:A,Employee_Master!C:C) -> Finance | S6: Jun-24 | T6: 0.15454545 | U6: 0.93197278
A7: E006 | B7: Jun-24 | C7: 0.95454545 | D7: 1 | E7: 0.058823529 | F7: 0.045454545 | G7: =_xlfn.XLOOKUP(A7,Employee_Master!A:A,Employee_Master!F:F) -> 37736 | H7: 0 | I7: LOW | J7: =_xlfn.XLOOKUP(A7,Employee_Master!A:A,Employee_Master!C:C) -> Finance | S7: Mar-24 | T7: 0.14090909 | U7: 0.95230659
A8: E009 | B8: May-24 | C8: 0.72727273 | D8: 1 | E8: 0 | F8: 0.27272727 | G8: =_xlfn.XLOOKUP(A8,Employee_Master!A:A,Employee_Master!F:F) -> 46257 | H8: 0 | I8: HIGH | J8: =_xlfn.XLOOKUP(A8,Employee_Master!A:A,Employee_Master!C:C) -> HR | S8: May-24 | T8: 0.14181818 | U8: 0.94892641
A9: E011 | B9: Mar-24 | C9: 0.95454545 | D9: 1 | E9: 0 | F9: 0.045454545 | G9: =_xlfn.XLOOKUP(A9,Employee_Master!A:A,Employee_Master!F:F) -> 42493 | H9: 0 | I9: LOW | J9: =_xlfn.XLOOKUP(A9,Employee_Master!A:A,Employee_Master!C:C) -> IT
A10: E011 | B10: Apr-24 | C10: 0.72727273 | D10: 1 | E10: 0.016393443 | F10: 0.27272727 | G10: =_xlfn.XLOOKUP(A10,Employee_Master!A:A,Employee_Master!F:F) -> 42493 | H10: 0 | I10: HIGH | J10: =_xlfn.XLOOKUP(A10,Employee_Master!A:A,Employee_Master!C:C) -> IT | T10: Absentism | U10: Productivity
A11: E012 | B11: Jan-24 | C11: 0.81818182 | D11: 1 | E11: 0.058823529 | F11: 0.18181818 | G11: =_xlfn.XLOOKUP(A11,Employee_Master!A:A,Employee_Master!F:F) -> 36447 | H11: 0 | I11: HIGH | J11: =_xlfn.XLOOKUP(A11,Employee_Master!A:A,Employee_Master!C:C) -> IT | T11: 0.14363636 | U11: 0.94533859
A12: E012 | B12: Mar-24 | C12: 0.81818182 | D12: 1 | E12: 0 | F12: 0.18181818 | G12: =_xlfn.XLOOKUP(A12,Employee_Master!A:A,Employee_Master!F:F) -> 36447 | H12: 0 | I12: HIGH | J12: =_xlfn.XLOOKUP(A12,Employee_Master!A:A,Employee_Master!C:C) -> IT | T12: 0.13545455 | U12: 0.94492562
A13: E013 | B13: Mar-24 | C13: 0.86363636 | D13: 1 | E13: 0.012048193 | F13: 0.13636364 | G13: =_xlfn.XLOOKUP(A13,Employee_Master!A:A,Employee_Master!F:F) -> 89085 | H13: 0 | I13: HIGH | J13: =_xlfn.XLOOKUP(A13,Employee_Master!A:A,Employee_Master!C:C) -> Sales | T13: 0.14090909 | U13: 0.94029655
A14: E014 | B14: Jan-24 | C14: 0.86363636 | D14: 1 | E14: 0.012820513 | F14: 0.13636364 | G14: =_xlfn.XLOOKUP(A14,Employee_Master!A:A,Employee_Master!F:F) -> 41091 | H14: 0 | I14: HIGH | J14: =_xlfn.XLOOKUP(A14,Employee_Master!A:A,Employee_Master!C:C) -> HR | T14: 0.15454545 | U14: 0.93197278
A15: E015 | B15: Feb-24 | C15: 0.90909091 | D15: 1 | E15: 0 | F15: 0.090909091 | G15: =_xlfn.XLOOKUP(A15,Employee_Master!A:A,Employee_Master!F:F) -> 38287 | H15: 0 | I15: MEDIUM | J15: =_xlfn.XLOOKUP(A15,Employee_Master!A:A,Employee_Master!C:C) -> Sales | T15: 0.14090909 | U15: 0.95
A16: E015 | B16: Apr-24 | C16: 0.81818182 | D16: 1 | E16: 0.055555556 | F16: 0.18181818 | G16: =_xlfn.XLOOKUP(A16,Employee_Master!A:A,Employee_Master!F:F) -> 38287 | H16: 0 | I16: HIGH | J16: =_xlfn.XLOOKUP(A16,Employee_Master!A:A,Employee_Master!C:C) -> Sales | T16: 0.14181818 | U16: 0.95
A17: E015 | B17: May-24 | C17: 0.72727273 | D17: 1 | E17: 0.13513514 | F17: 0.27272727 | G17: =_xlfn.XLOOKUP(A17,Employee_Master!A:A,Employee_Master!F:F) -> 38287 | H17: 0 | I17: HIGH | J17: =_xlfn.XLOOKUP(A17,Employee_Master!A:A,Employee_Master!C:C) -> Sales
A18: E017 | B18: Jan-24 | C18: 0.86363636 | D18: 1 | E18: 0.12820513 | F18: 0.13636364 | G18: =_xlfn.XLOOKUP(A18,Employee_Master!A:A,Employee_Master!F:F) -> 59857 | H18: 0 | I18: HIGH | J18: =_xlfn.XLOOKUP(A18,Employee_Master!A:A,Employee_Master!C:C) -> Finance
A19: E017 | B19: Apr-24 | C19: 0.81818182 | D19: 1 | E19: 0.076923077 | F19: 0.18181818 | G19: =_xlfn.XLOOKUP(A19,Employee_Master!A:A,Employee_Master!F:F) -> 59857 | H19: 0 | I19: HIGH | J19: =_xlfn.XLOOKUP(A19,Employee_Master!A:A,Employee_Master!C:C) -> Finance
A20: E020 | B20: Mar-24 | C20: 0.77272727 | D20: 1 | E20: 0.015625 | F20: 0.22727273 | G20: =_xlfn.XLOOKUP(A20,Employee_Master!A:A,Employee_Master!F:F) -> 75277 | H20: 0 | I20: HIGH | J20: =_xlfn.XLOOKUP(A20,Employee_Master!A:A,Employee_Master!C:C) -> HR
A21: E021 | B21: May-24 | C21: 0.86363636 | D21: 1 | E21: 0.075471698 | F21: 0.13636364 | G21: =_xlfn.XLOOKUP(A21,Employee_Master!A:A,Employee_Master!F:F) -> 74159 | H21: 0 | I21: HIGH | J21: =_xlfn.XLOOKUP(A21,Employee_Master!A:A,Employee_Master!C:C) -> HR
A22: E021 | B22: Jun-24 | C22: 0.72727273 | D22: 1 | E22: 0.11627907 | F22: 0.27272727 | G22: =_xlfn.XLOOKUP(A22,Employee_Master!A:A,Employee_Master!F:F) -> 74159 | H22: 0 | I22: HIGH | J22: =_xlfn.XLOOKUP(A22,Employee_Master!A:A,Employee_Master!C:C) -> HR
A23: E022 | B23: Feb-24 | C23: 0.95454545 | D23: 1 | E23: 0 | F23: 0.045454545 | G23: =_xlfn.XLOOKUP(A23,Employee_Master!A:A,Employee_Master!F:F) -> 68844 | H23: 0 | I23: LOW | J23: =_xlfn.XLOOKUP(A23,Employee_Master!A:A,Employee_Master!C:C) -> HR
A24: E024 | B24: Mar-24 | C24: 1 | D24: 1 | E24: 0.060606061 | F24: 0 | G24: =_xlfn.XLOOKUP(A24,Employee_Master!A:A,Employee_Master!F:F) -> 65366 | H24: 0 | I24: LOW | J24: =_xlfn.XLOOKUP(A24,Employee_Master!A:A,Employee_Master!C:C) -> Finance
A25: E025 | B25: May-24 | C25: 0.86363636 | D25: 1 | E25: 0.035714286 | F25: 0.13636364 | G25: =_xlfn.XLOOKUP(A25,Employee_Master!A:A,Employee_Master!F:F) -> 71628 | H25: 0 | I25: HIGH | J25: =_xlfn.XLOOKUP(A25,Employee_Master!A:A,Employee_Master!C:C) -> Finance
A26: E026 | B26: Apr-24 | C26: 0.95454545 | D26: 1 | E26: 0 | F26: 0.045454545 | G26: =_xlfn.XLOOKUP(A26,Employee_Master!A:A,Employee_Master!F:F) -> 61425 | H26: 0 | I26: LOW | J26: =_xlfn.XLOOKUP(A26,Employee_Master!A:A,Employee_Master!C:C) -> Finance
A27: E026 | B27: May-24 | C27: 0.77272727 | D27: 1 | E27: 0.051724138 | F27: 0.22727273 | G27: =_xlfn.XLOOKUP(A27,Employee_Master!A:A,Employee_Master!F:F) -> 61425 | H27: 0 | I27: HIGH | J27: =_xlfn.XLOOKUP(A27,Employee_Master!A:A,Employee_Master!C:C) -> Finance
A28: E027 | B28: Mar-24 | C28: 0.81818182 | D28: 1 | E28: 0.061728395 | F28: 0.18181818 | G28: =_xlfn.XLOOKUP(A28,Employee_Master!A:A,Employee_Master!F:F) -> 79553 | H28: 0 | I28: HIGH | J28: =_xlfn.XLOOKUP(A28,Employee_Master!A:A,Employee_Master!C:C) -> IT
... A301: E044 | B301: Apr-24 | C301: 0.72727273 | D301: 0.80645161 | E301: 0.08 | F301: 0.27272727 | G301: =_xlfn.XLOOKUP(A301,Employee_Master!A:A,Employee_Master!F:F) -> 77876 | H301: 72851.742 | I301: HIGH | J301: =_xlfn.XLOOKUP(A301,Employee_Master!A:A,Employee_Master!C:C) -> Sales
F303: =AVERAGE(E:E) -> 0.048963548

Sheet Dashboard1
J38: a
